Problem,Agency
911 TRANSFER ARL,DEC
911 TRANSFER DC,DEC
911 TRANSFER FFX,DEC
911 TRANSFER MSP,DEC
911 TRANSFER MWAA,DEC
911 TRANSFER OTHER,DEC
911 TRANSFER PG,DEC
911 TRANSFER VSP,DEC
ALARM OOS,DEC
ALARM OUT OF SERVICE,DEC
FIRE DRILL,DEC
FIRE WATCH,DEC
INSPECTOR OR FM TESTING,DEC
OTHER,DEC
SPRINKLER SYSTEM OOS,DEC
STAND PIPE SYSTEM OOS,DEC
TEXT,DEC
*FIRE/MEDICAL TRIAGE,FIRE
911 TRANSFER ARL,FIRE
911 TRANSFER DC,FIRE
911 TRANSFER FFX,FIRE
911 TRANSFER MSP,FIRE
911 TRANSFER MWAA,FIRE
911 TRANSFER OTHER,FIRE
911 TRANSFER PG,FIRE
911 TRANSFER VSP,FIRE
ABDOMINAL PAIN BLS,FIRE
ACTIVE SHOOTER,FIRE
AFD TEST CALL,FIRE
ALARM OOS,FIRE
ALLERGIC REACTION ALS 1,FIRE
ALTERED LOC ALS 2,FIRE
ANIMAL BITE- ATTACK BLS,FIRE
APPLIANCE FIRE,FIRE
APPLIANCE FIRE HIGHRISE,FIRE
ASSAULT ALS 1,FIRE
ASSIST POLICE,FIRE
BACK PAIN BLS,FIRE
BICYCLIST STRUCK ALS 2 - SUPV,FIRE
BLS EMERGENCY,FIRE
BOAT FIRE (UNDER 65'),FIRE
BOX ALARM 1,FIRE
BOX ALARM 2,FIRE
BOX ALARM HR,FIRE
BUILDING COLLAPSE,FIRE
BURN ALS 2 -SUPV,FIRE
BUS FIRE,FIRE
CARBON MONOXIDE-HAZMAT,FIRE
CARDIAC ARREST ALS 2- SUPV,FIRE
CHEST INJURY ALS 1,FIRE
CHEST PAIN ALS 2,FIRE
CHILD BIRTH ALS 2,FIRE
CHIMNEY FIRE,FIRE
CHOKING ALS 2,FIRE
CO ALARM,FIRE
CO INCIDENT,FIRE
COLD EXPOSURE ALS 1,FIRE
COMMERCIAL BUILDING FIRE,FIRE
CONFINED SPACE,FIRE
CONSTRUCTION SITE INJURY,FIRE
DIABETIC EMERGENCY ALS 1,FIRE
DOCK/MARINA FIRE,FIRE
DROWNING ALS 2,FIRE
ELECTRICAL FIRE,FIRE
ELECTRICAL FIRE HIGHRISE,FIRE
ELECTROCUTION ALS 2,FIRE
ELEVATOR,FIRE
ELEVATOR W/ MEDICAL,FIRE
EMS TASK FORCE *,FIRE
EYE INJURY BLS,FIRE
FACILITY BLS,FIRE
FALL BLS,FIRE
FD - HOLD CALL,FIRE
FD HELP SIGNAL 1,FIRE
FIRE ALARM,FIRE
FIRE ALARM - DAY,FIRE
FIRE MARSHAL,FIRE
FIRE-VEHICLE-INTERSTATE,FIRE
FLAG DOWNF,FIRE
FLAM LIQ SPILL <5,FIRE
FLAM LIQ SPILL > 55,FIRE
FLAM LIQ SPILL 5<55,FIRE
FLAM LIQ SPILL FIRE OUTSIDE<55,FIRE
FLAM LIQ SPILL INSIDE 5<55,FIRE
FLAM LIQ SPILL MAJOR,FIRE
FLAMABLE LIQUID <100 GAL SPILL,FIRE
FLAMABLE LIQUID FACILITY,FIRE
FLAMABLE LIQUID TRANSPORT,FIRE
GAS LEAK - INSIDE,FIRE
GAS LEAK - OUTSIDE,FIRE
GAS LEAK - OUTSIDE - FM,FIRE
GREATER ALARM,FIRE
HAZ MAT BRAC,FIRE
HAZ MAT INCIDENT,FIRE
HAZ MAT INVESTIGATION,FIRE
HAZ MAT LOCAL,FIRE
HAZ MAT MERCURY,FIRE
HAZ MAT PROPANE LARGE>100,FIRE
HAZ MAT PROPANE SMALL<100,FIRE
HAZ MAT RADIOLOGICAL,FIRE
HAZ MAT STATE,FIRE
HAZARD,FIRE
HEADACHE BLS,FIRE
HEART PROBLEMS ALS 2,FIRE
HEAT EXPOSURE ALS 1,FIRE
HIGHRISE BUILDING FIRE,FIRE
INJURED PERSON BLS,FIRE
INJURY-BLS *,FIRE
INTERFACILITY TRANSFER,FIRE
INVESTIGATION,FIRE
JUMPER FROM WWB,FIRE
L.A.R. SECONDARY RESPONSE,FIRE
LACERATION BLS,FIRE
LOCAL BOAT,FIRE
LOCAL ENGINE,FIRE
LOCAL LADDER,FIRE
LOCKOUT,FIRE
LOCKOUT WITH MEDIC,FIRE
MACHINE ENTRAPMENT,FIRE
MASS CASUALTY INCIDENT,FIRE
MEDICAL ALARM ALS 1,FIRE
MEDICAL ON WATERCRAFT ALS 1,FIRE
METRO MEDICAL TRACK BED ALS 1,FIRE
METRO TUNNEL FIRE,FIRE
MOBILE INTEGRATED HEALTHCARE,FIRE
MUTUAL ACT OF VIOLENCE,FIRE
MUTUAL AID,FIRE
MUTUAL AID BUILDING FIRE,FIRE
MUTUAL ALS,FIRE
MUTUAL ALS TRAUMA,FIRE
MUTUAL ASSAULT,FIRE
MUTUAL ASSAULT WEAPON,FIRE
MUTUAL BLS,FIRE
MUTUAL CO INCIDENT,FIRE
MUTUAL CPR,FIRE
MUTUAL ELEVATOR INCIDENT,FIRE
MUTUAL EXPLOSION,FIRE
MUTUAL FIRE ALARM,FIRE
MUTUAL GAS LEAK,FIRE
MUTUAL HAZMAT,FIRE
MUTUAL INVESTIGATION,FIRE
MUTUAL LOCK OUT,FIRE
MUTUAL MARINE INCIDENT,FIRE
MUTUAL MASS CASUALTY INCIDENT,FIRE
MUTUAL MEDICAL ALARM,FIRE
MUTUAL MVC,FIRE
MUTUAL ODOR OF SMOKE,FIRE
MUTUAL OUTSIDE FIRE,FIRE
MUTUAL PSYCHOLOGICAL EMERGENCY,FIRE
MUTUAL PUBLIC SERVICE,FIRE
MUTUAL STRUCTURE FIRE,FIRE
MUTUAL TASK FORCE,FIRE
MUTUAL TECHNICAL RESCUE,FIRE
MUTUAL TRANS INCIDENT,FIRE
MUTUAL VEHICLE FIRE,FIRE
MUTUAL WATER RESCUE,FIRE
MVC AUTO,FIRE
MVC BUS,FIRE
MVC ENTRAPMENT,FIRE
MVC INTO BUILDING,FIRE
MVC SCHOOL BUS NO INJURY,FIRE
MVC SCOOTER,FIRE
MVC-BUS-SCHOOL-INJURY,FIRE
MVC-INTERSTATE,FIRE
not working,FIRE
OB ALS 1,FIRE
ODOR OF SMOKE COMMERCIAL,FIRE
ODOR OF SMOKE HR RESIDENTIAL,FIRE
ODOR OF SMOKE RESIDENTIAL,FIRE
ODOR SMOKE COMMERICAL HR,FIRE
ONVIEWF,FIRE
OUTSIDE FIRE,FIRE
OUTSIDE METRO FIRE,FIRE
OVERDOSE ALS,FIRE
OVERDOSE ALS 1,FIRE
PEDESTRIAN STRUCK ALS 2 - SUPV,FIRE
PLANE CRASH,FIRE
POISONING BLS,FIRE
POLICE STANDBY,FIRE
PSYCHIATRIC EMERGENCY ALS 1,FIRE
PSYCHIATRIC EMERGENCY VIOLENT,FIRE
PUBLIC SERVICE EMS,FIRE
PUBLIC SERVICE FIRE,FIRE
RAPID INTERVENTION TEAM,FIRE
RAPID INTERVENTION TEAM LV3,FIRE
REFERRAL BLS,FIRE
RESIDENTIAL BUILDING FIRE,FIRE
ROPE RESCUE,FIRE
SEIZURE ALS 1,FIRE
SHIP FIRE (OVER 65'),FIRE
SHOOTING ALS 2 - SUPV,FIRE
SICK PERSON BLS,FIRE
SPECIAL EVENT,FIRE
STABBING ALS 2 - SUPV,FIRE
STROKE ALS 2,FIRE
TASER BLS,FIRE
test1,FIRE
TRAIN CRASH (FREIGHT),FIRE
TRAIN CRASH (PASSENGER),FIRE
TRAIN CRASH FREIGHT,FIRE
TRAUMATIC INJURIES ALS 1,FIRE
TRENCH RESCUE,FIRE
TROUBLE BREATHING ALS 2,FIRE
TRUCK FIRE,FIRE
TUNNEL COLLAPSE,FIRE
TUNNEL ELEVATOR,FIRE
TUNNEL EMS ALS2,FIRE
TUNNEL ENTRAPMENT,FIRE
TUNNEL FIRE,FIRE
UNCONSCIOUS ALS 2,FIRE
UNKNOWN MEDICAL ALS 1,FIRE
VEHICLE FIRE,FIRE
WALKIN,FIRE
WATER RESCUE - INLAND,FIRE
WATER RESCUE - RIVER,FIRE
WELFARE CHECK,FIRE
WIRES DOWN,FIRE
WORKING INCIDENT DISPATCH,FIRE
911 HANG UP,LAW
911 TRANSFER ARL,LAW
911 TRANSFER DC,LAW
911 TRANSFER FFX,LAW
911 TRANSFER MSP,LAW
911 TRANSFER MWAA,LAW
911 TRANSFER OTHER,LAW
911 TRANSFER PG,LAW
911 TRANSFER VSP,LAW
ABANDONED AUTO,LAW
ABDUCTION IMMEDIATE,LAW
ABDUCTION IN PROG,LAW
ABDUCTION IN PROG TRAUMA,LAW
ADMINISTRATIVE TASK,LAW
AGGRESSIVE DRIVER,LAW
ALARM CITY HALL PANIC,LAW
ALARM COMMERCIAL,LAW
ALARM HOLDUP,LAW
ALARM RESIDENTIAL,LAW
ALARM RESIDENTIAL NIGHTIME,LAW
ALCOHOL OFFENSE,LAW
ANIMAL ABUSE-NEGLECT,LAW
ANIMAL BARKING DOG,LAW
ANIMAL BITE ANIMAL DELAY,LAW
ANIMAL BITE ANIMAL IN PROG,LAW
ANIMAL BITE HUMAN DELAY,LAW
ANIMAL BITE HUMAN IN PROG,LAW
ANIMAL COMPLAINT,LAW
ANIMAL COMPLAINT- ANIMAL INJRY,LAW
ANIMAL COMPLAINT- TRAUMA PERSN,LAW
ANIMAL DECEASED,LAW
ANIMAL NUISANCE,LAW
ANIMAL SICK-INJURED,LAW
ANIMAL STRAY,LAW
ANIMAL WILDLIFE,LAW
ANIMAL-DANGEROUS,LAW
ARSON DELAY,LAW
ARSON IN PROG,LAW
ASSAULT GUNSHOT DELAY,LAW
ASSAULT GUNSHOT IN PROG,LAW
ASSAULT MINOR INJ DELAY,LAW
ASSAULT MINOR INJ IN PROG,LAW
ASSAULT NO INJURY DELAY,LAW
ASSAULT NO INJURY IN PROG,LAW
ASSAULT STAB DELAY,LAW
ASSAULT STAB IN PROG,LAW
ASSAULT TRAUMA OTHR DELAY,LAW
ASSAULT TRAUMA OTHR IN PROG,LAW
ASSIST CITIZEN DELAY,LAW
ASSIST CITIZEN PROMPT,LAW
ASSIST FIRE - EMERGENCY,LAW
ASSIST FIRE - IMMEDIATE,LAW
ASSIST FIRE - PROMPT,LAW
ASSIST OUTSIDE AGENCY,LAW
BOLO,LAW
BOMB THREAT,LAW
BOOT REMOVAL,LAW
BURGLARY COMMERCIAL DELAY,LAW
BURGLARY COMMERCIAL IN PROG,LAW
BURGLARY RESIDENTIAL DELAY,LAW
BURGLARY RESIDENTIAL IN PROG,LAW
BURGLARY SHED/OTHER DELAY,LAW
BURGLARY SHED/OTHER IN PROG,LAW
BWC VIDEO MISC/OTHER,LAW
CARJACKING DELAY,LAW
CARJACKING IN PROG,LAW
CARJACKING IN PROG TRAUMA,LAW
CIVIL PROCESS,LAW
CIVIL PROCESS EVICTION,LAW
CREDIT CARD FRAUD DELAY,LAW
CREDIT CARD FRAUD IN PROG,LAW
DEST OF PROP COM DELAY,LAW
DEST OF PROP COM IN PROG,LAW
DEST OF PROP OTH DELAY,LAW
DEST OF PROP OTH IN PROG,LAW
DEST OF PROP PUB DELAY,LAW
DEST OF PROP PUB IN PROG,LAW
DEST OF PROP RES DELAY,LAW
DEST OF PROP RES IN PROG,LAW
DEST OF PROP TRU DELAY,LAW
DEST OF PROP VEH DELAY,LAW
DEST OF PROP VEH IN PROG,LAW
DIP - DRUNK/INTOX PERSON,LAW
DISABLED MOTORIST,LAW
DISORDERLY CONDUCT,LAW
DOMESTIC VIOL DELAY,LAW
DOMESTIC VIOL MINOR INJ,LAW
DOMESTIC VIOL NO INJ,LAW
DOMESTIC VIOL TRAUMA,LAW
DRUG COMPLAINT DELAY,LAW
DRUG COMPLAINT IN PROG,LAW
DWI - DRUNK/INTOX DRIVER,LAW
EMBEZZLEMENT DELAY,LAW
EMBEZZLEMENT IN PROG,LAW
ESCORT,LAW
EXTRADITION IN STATE,LAW
EXTRADITION OUT OF STATE,LAW
EXTRADITION OUT-OF-STATE,LAW
EXTRADITON IN-STATE,LAW
FALSE PRETENSE/SWINDLE DELAY,LAW
FALSE PRETENSE/SWINDLE IN PROG,LAW
FIGHT NO WEAPONS,LAW
FIGHT WITH WEAPONS,LAW
FLAG DOWN,LAW
FORGERY/BAD CHECK DELAY,LAW
FORGERY/BAD CHECK IN PROG,LAW
GAMBLING DELAY,LAW
GAMBLING IN PROG,LAW
GLA DELAY,LAW
GLA IN PROG,LAW
GLA RECOVERY DELAY,LAW
GLA RECOVERY IN PROG,LAW
GLA TRU DELAY,LAW
HAZARD,LAW
HOMICIDE,LAW
HOSTAGE/BARRICADE,LAW
IDENTITY FRAUD DELAY,LAW
IDENTITY FRAUD IN PROG,LAW
IMPERSONATING OFFICER DELAY,LAW
IMPERSONATING OFFICER IN PROG,LAW
INTEL ACTIVITY IN PROG,LAW
INTELLIGENCE ACTIVITY DELAY,LAW
LARCENY COMM IN PROG,LAW
LARCENY COMMERCIAL DELAY,LAW
LARCENY COMMERCIAL TRU,LAW
LARCENY FROM AUTO DELAY,LAW
LARCENY FROM AUTO IN PROG,LAW
LARCENY FROM AUTO TRU,LAW
LARCENY OTHER DELAY,LAW
LARCENY OTHER IN PROG,LAW
LARCENY OTHER TRU,LAW
LARCENY RESIDENTIAL DELAY,LAW
LARCENY RESIDENTIAL IN PROG,LAW
LARCENY RESIDENTIAL TRU,LAW
LAW MUTUAL AID - 1 OFFICER,LAW
LAW MUTUAL AID - 2 OFFICERS,LAW
LAW MUTUAL AID - K9 BOMB,LAW
LAW MUTUAL AID - K9 DRUG,LAW
LAW MUTUAL AID - K9 PATROL,LAW
LOCKOUT NO EMS NEEDED,LAW
LOCKOUT WITH EMS,LAW
MENTAL HEALTH CASE,LAW
MENTAL HEALTH CIVIL COMM,LAW
MISSING PERSON CRITICAL,LAW
MISSING PERSON IMMEDIATE,LAW
MISSING PERSON RETURNED,LAW
MVC CITY PROPERTY DAMAGE,LAW
MVC CONDITIONS UNKNOWN,LAW
MVC HIT/RUN INJ MOPED/BICYCLE,LAW
MVC HIT/RUN INJURY,LAW
MVC HIT/RUN INJURY - BUS,LAW
MVC HIT/RUN NO INJ DELAY,LAW
MVC HIT/RUN NO INJURY,LAW
MVC HIT/RUN PED STRUCK,LAW
MVC HIT/RUN ROLL OVER-ENTRAP,LAW
MVC HIT/RUN TRU,LAW
MVC INJURY,LAW
MVC INJURY MOPED/BICYCLE,LAW
MVC INJURY PED STRUCK,LAW
MVC INJURY/BUS,LAW
MVC INJURY/ROLL OVER-ENTRAP,LAW
MVC INTO BUILDING,LAW
MVC PROPERTY DAMAGE,LAW
MVC VS BUILD,LAW
NOISE COMPLAINT DELAY,LAW
NOISE COMPLAINT IN PROG,LAW
NOISE COMPLAINT LOUD PARTY,LAW
OCCUPIED VEHICLE CHECK,LAW
OFF DUTY DETAIL,LAW
ON VIEW,LAW
PARKING COMPLAINT,LAW
PD _ HOLD CALL,LAW
POLICE INFORMATION,LAW
PREA,LAW
PRISONER HOME ELCTRC MONITORIN,LAW
PRISONER HOME ELECTRONIC DTL,LAW
PRISONER HSPTL DETAIL FEDERAL,LAW
PRISONER HSPTL DETAIL LOCAL,LAW
PRISONER HSPTL DTL FED INMTE,LAW
PRISONER HSPTL DTL LOCAL INMTE,LAW
PRISONER WORK DETAIL,LAW
PROPERTY FOUND,LAW
PROPERTY LOST,LAW
PROPERTY LOST TRU,LAW
PROSTITUTION DELAY,LAW
PROSTITUTION IN PROG,LAW
PROTECTIVE ORDER ISSUED,LAW
PROWLER/PEEPING TOM DELAY,LAW
PROWLER/PEEPING TOM IN PROG,LAW
PUBLIC SERVICE MULTI OFFICER,LAW
PUBLIC SERVICE ONE OFFICER,LAW
ROBBERY BANK DELAY,LAW
ROBBERY BANK IN PROG,LAW
ROBBERY COMMERCIAL DELAY,LAW
ROBBERY COMMERCIAL IN PROG,LAW
ROBBERY FROM PERSON DELAY,LAW
ROBBERY FROM PERSON IN PROG,LAW
RUNAWAY IN PROG,LAW
RUNAWAY NOT ON SCENE,LAW
RUNAWAY RETURNED,LAW
SEXUAL OFFENSE DELAY,LAW
SEXUAL OFFENSE IN PROG,LAW
SEXUAL OFFENSE IN PROG TRAUMA,LAW
SHOPLIFTING DELAY,LAW
SHOPLIFTING HOLDING SUSPECT,LAW
SHOPLIFTING IN PROG,LAW
SIGNAL 1- EMERGENCY ACTIVATION,LAW
STALKING DELAY,LAW
STALKING IN PROG,LAW
SUBJECT STOP,LAW
SUICIDE DELAY,LAW
SUICIDE IN PROG INJ/PILLS,LAW
SUICIDE IN PROG NO INJ,LAW
SUICIDE IN PROG TRAUMA,LAW
SUSPICIOUS EVENT,LAW
SUSPICIOUS PACKAGE,LAW
TELEPHONE COMPLAINT,LAW
TELEPHONE COMPLAINT TRU,LAW
TEST CALL,LAW
testing prob,LAW
TRAFFIC COMPLAINT,LAW
TRAFFIC DIRECTION-FIRE,LAW
TRAFFIC STOP,LAW
TRANSPORT NON-INMATE MENTAL CS,LAW
TRANSPORT PRISONER FEDERAL CT,LAW
TRANSPORT PRISONER MED FED,LAW
TRANSPORT PRISONER MENTAL FCLT,LAW
TRESPASSING DELAY,LAW
TRESPASSING IN PROG,LAW
TRNSPORT NON-INMATE MENTAL CA,LAW
TRNSPORT PRISONER ALX COURT,LAW
TRNSPORT PRISONER FED COURT,LAW
TRNSPORT PRISONER JAIL TO JAIL,LAW
TRNSPORT PRISONER JUVENILE,LAW
TRNSPORT PRISONER MED FEDERAL,LAW
TRNSPORT PRISONER MED LOCAL,LAW
TRNSPORT PRISONER MENTAL CASE,LAW
TRNSPRT PRISONER MENTAL FCLTY,LAW
TROUBLE UNKNOWN EMS,LAW
TROUBLE UNKNOWN NO EMS,LAW
UNOCCUPIED VEHICLE CHECK,LAW
VEHICLE ACTIVATION/ONSTAR,LAW
WALK IN HQ LOBBY,LAW
WARRANT ISSUED,LAW
WARRANT SERVICE,LAW
WEAPON VIOL GUN DELAY,LAW
WEAPON VIOL GUN IN PROG,LAW
WEAPON VIOL KNIFE DELAY,LAW
WEAPON VIOL KNIFE IN PROG,LAW
WEAPON VIOL OTHER DELAY,LAW
WEAPON VIOL OTHER IN PROG,LAW
